Entidad,Documento,Fecha alerta,Fecha vencimiento
S18 | AG047MB,(RTO) Revision Tecnica Obligatoria,02/07/2027,02/07/2027
S11 | AE895JL,(RTO) Revision Tecnica Obligatoria,15/06/2026,16/07/2026
T8 | AD751NF,(RTO) Revision Tecnica Obligatoria,15/06/2026,15/07/2026
T9 | AE280BQ,(RTO) Revision Tecnica Obligatoria,06/07/2026,06/08/2026
A2 | AE289HV,(RTO) Revision Tecnica Obligatoria,17/07/2026,18/08/2026
C2 | AE296KI,(RTO) Revision Tecnica Obligatoria,17/07/2026,18/08/2026
S20 | AG807KF,(RTO) Revision Tecnica Obligatoria,19/07/2026,19/08/2026
T13 | AF206YP,(RTO) Revision Tecnica Obligatoria,25/07/2026,25/08/2026
T1 | PMP580,(RTO) Revision Tecnica Obligatoria,04/08/2026,04/09/2026
S15 | AF550IG,(RTO) Revision Tecnica Obligatoria,10/08/2026,10/09/2026
S8 | AE289HA,(RTO) Revision Tecnica Obligatoria,10/08/2026,10/09/2026
S12 | AE099ZL,(RTO) Revision Tecnica Obligatoria,18/08/2026,18/09/2026
T20 | AG807KZ,(RTO) Revision Tecnica Obligatoria,24/08/2026,24/09/2026
T10 | AE468CL,(RTO) Revision Tecnica Obligatoria,14/09/2026,14/10/2026
S21 | AG852PB,(RTO) Revision Tecnica Obligatoria,23/09/2026,23/10/2026
S10 | AF074SD,(RTO) Revision Tecnica Obligatoria,28/09/2026,28/10/2026
S1 | HPG716,(RTO) Revision Tecnica Obligatoria,17/10/2026,17/11/2026
S9 | AD967AK,(RTO) Revision Tecnica Obligatoria,27/10/2026,27/11/2026
T18 | AG318SC,(RTO) Revision Tecnica Obligatoria,05/11/2026,05/12/2026
A1 | NYH675,(RTO) Revision Tecnica Obligatoria,18/11/2026,18/12/2026
T3 | PBZ608,(RTO) Revision Tecnica Obligatoria,18/11/2026,18/12/2026
T21 | AH062LG,(RTO) Revision Tecnica Obligatoria,06/12/2026,06/01/2027
T5 | AC214WS,(RTO) Revision Tecnica Obligatoria,06/12/2026,06/01/2027
T15 | AA831MG,(RTO) Revision Tecnica Obligatoria,07/12/2026,07/01/2027
S16 | AF733GV,(RTO) Revision Tecnica Obligatoria,09/12/2026,09/01/2027
S6 | AE482SO,(RTO) Revision Tecnica Obligatoria,14/12/2026,14/01/2027
T16 | AF713FD,(RTO) Revision Tecnica Obligatoria,19/12/2026,19/01/2027
S22 | AH191HA,(RTO) Revision Tecnica Obligatoria,02/01/2027,19/01/2027
T12 | AF087FB,(RTO) Revision Tecnica Obligatoria,02/01/2027,24/01/2027
S3 | NXU365,(RTO) Revision Tecnica Obligatoria,15/01/2027,10/02/2027
T7 | AD237PY,(RTO) Revision Tecnica Obligatoria,15/01/2027,10/02/2027
T27 | AI063WC,(RTO) Revision Tecnica Obligatoria,04/02/2027,04/03/2027
B7 | AI063WD,(RTO) Revision Tecnica Obligatoria,05/02/2027,05/03/2027
B1 | AH246JT,(RTO) Revision Tecnica Obligatoria,01/03/2027,19/03/2027
T22 | AH246JP,(RTO) Revision Tecnica Obligatoria,01/03/2027,12/03/2027
T23 | AH299OI,(RTO) Revision Tecnica Obligatoria,01/03/2027,18/03/2027
T28 | AI079TC,(RTO) Revision Tecnica Obligatoria,20/03/2027,20/04/2027
S2 | NCP232,(RTO) Revision Tecnica Obligatoria,01/04/2027,29/04/2027
T2 | AB159TK,(RTO) Revision Tecnica Obligatoria,01/04/2027,29/04/2027
T29 | AI079UB,(RTO) Revision Tecnica Obligatoria,08/04/2027,08/05/2027
T30 | AI079UC,(RTO) Revision Tecnica Obligatoria,08/04/2027,08/05/2027
T31 | AI079UD,(RTO) Revision Tecnica Obligatoria,08/04/2027,08/05/2027
T6 | AE219VG,(RTO) Revision Tecnica Obligatoria,08/04/2027,08/05/2027
S24 | AH400BC,(RTO) Revision Tecnica Obligatoria,13/04/2027,13/05/2027
T17 | AF969YW,(RTO) Revision Tecnica Obligatoria,13/04/2027,13/05/2027
T24 | AH492CW,(RTO) Revision Tecnica Obligatoria,13/04/2027,13/05/2027
S23 | AH400BE,(RTO) Revision Tecnica Obligatoria,14/04/2027,14/05/2027
C1 | NWR599,(RTO) Revision Tecnica Obligatoria,15/04/2027,15/05/2027
S19 | AG588UR,(RTO) Revision Tecnica Obligatoria,18/04/2027,18/05/2027
T11 | AE828EP,(RTO) Revision Tecnica Obligatoria,20/04/2027,20/05/2027
S17 | AF996UM,(RTO) Revision Tecnica Obligatoria,22/04/2027,22/05/2027
S7 | AE219VE,(RTO) Revision Tecnica Obligatoria,22/04/2027,22/05/2027
S4 | AB249CK,(RTO) Revision Tecnica Obligatoria,28/04/2027,28/05/2027
T14 | AF482AS,(RTO) Revision Tecnica Obligatoria,29/04/2027,29/05/2027
B2 | AH492CR,(RTO) Revision Tecnica Obligatoria,12/05/2027,12/06/2027
S14 | AF262MW,(RTO) Revision Tecnica Obligatoria,18/05/2027,18/06/2027
S5 | AC932AW,(RTO) Revision Tecnica Obligatoria,29/05/2027,29/06/2027
T19 | AG318SU,(RTO) Revision Tecnica Obligatoria,29/05/2027,29/06/2027
